Months,Predictions,Actuals
Jan-2022,135.7034065457863,140.75
Feb-2022,233.25046984200952,36.744
Mar-2022,236.54706893317592,237.096