Month,MAE
Jan,64.2303049706522
Feb,63.15788274148976
Mar,65.0978690830475